"","ENCUESTADORA/COMISIONADO","ENCUESTADORA/PUBLICA","TRABAJO CAMPO","MUESTRA","PARTICIPACION","PSOE","PP","Vox","UP","Cs","ERC-Sobiranistes","Mas Pais","JxCat","PNV","EHB","CUP","CC-NCa","BNG","NA+","PRC","VENTAJA"
"2","ElectoPanel/Electomania","<a href= https://electomania.es/ep29n20/ target=""_blank"" rel=""noreferrer nofollow"" style="" color:#222222""> ElectoPanel/Electomania </a>","22-27 Nov 2020","1310","","27.2","21.4","17.4","11.8","6.6","3.3","1.5","2.5","1.6","1.3","0.8","0.5","0.7","0.4","0.3","5.8"
"4","DYM/Henneo","<a href= https://www.20minutos.es/noticia/4488629/0/gobierno-acusa-gestion-coronavirus-pp-psoe/ target=""_blank"" rel=""noreferrer nofollow"" style="" color:#222222""> DYM/Henneo </a>","18-20 Nov 2020","1001","","23.6","23.5","17.2","9.8","8.9","","","","","","","","","","","0.1"
"5","ElectoPanel/Electomania","<a href= https://electomania.es/ep22n20/ target=""_blank"" rel=""noreferrer nofollow"" style="" color:#222222""> ElectoPanel/Electomania </a>","16-20 Nov 2020","2398","","27.2","21.1","17.0","11.7","6.4","3.4","2.5","2.7","1.5","1.3","0.7","0.5","0.7","0.4","0.2","6.1"
"6","ElectoPanel/Electomania","<a href= https://electomania.es/ep15n20/ target=""_blank"" rel=""noreferrer nofollow"" style="" color:#222222""> ElectoPanel/Electomania </a>","10-13 Nov 2020","1290","","26.7","20.8","17.4","11.5","6.9","3.3","2.5","2.7","1.5","1.3","0.7","0.5","0.7","0.4","0.2","5.9"
"8","CIS","<a href= http://datos.cis.es/pdf/Es3300marMT_A.pdf target=""_blank"" rel=""noreferrer nofollow"" style="" color:#222222""> CIS </a>","3-12 Nov 2020","3853","","30.4","18.6","13.2","11.4","9.5","3.2","1.8","1.7","1.5","0.7","0.7","0.4","0.6","0.4","","11.8"
"9","Simple Logica","<a href= https://www.simplelogica.com/es/intencion-de-voto-y-valoracion-de-lideres-politicos-noviembre-2020/ target=""_blank"" rel=""noreferrer nofollow"" style="" color:#222222""> Simple Logica </a>","4-11 Nov 2020","1036","63.4","29.2","20.5","15.7","11.5","5.1","","","","","","","","","","","8.7"
"10","ElectoPanel/Electomania","<a href= https://electomania.es/ep8n20/ target=""_blank"" rel=""noreferrer nofollow"" style="" color:#222222""> ElectoPanel/Electomania </a>","6-7 Nov 2020","1263","","26.8","20.6","17.5","11.5","7.1","3.3","2.4","2.7","1.5","1.3","0.7","0.5","0.7","0.4","0.2","6.2"
"11","NC Report/La Razon","<a href= https://www.larazon.es/espana/20201109/l3pp65zztvcfrlczkhwdufzfaq.html target=""_blank"" rel=""noreferrer nofollow"" style="" color:#222222""> NC Report/La Razon </a>","30 Oct-7 Nov 2020","1000","63.1","26.8","23.2","15.9","11.5","7.2","3.5","2.1","2.5","1.5","1.3","0.8","0.4","0.8","0.4","0.2","3.6"
"12","ElectoPanel/Electomania","<a href= https://electomania.es/ep1n20/ target=""_blank"" rel=""noreferrer nofollow"" style="" color:#222222""> ElectoPanel/Electomania </a>","30-31 Oct 2020","1730","","26.9","20.0","17.6","11.6","7.4","3.3","2.3","2.7","1.4","1.3","0.7","0.5","0.7","0.4","0.2","6.9"
"13","Invymark/laSexta","<a href= https://www.lasexta.com/noticias/nacional/barometro-lasexta-el-psoe-ganaria-las-elecciones-y-el-pp-sube-mas-de-dos-puntos-respecto-al-10-n_202011015f9eb95f9a1c4e000164b116.html target=""_blank"" rel=""noreferrer nofollow"" style="" color:#222222""> Invymark/laSexta </a>","26-30 Oct 2020","","","28.5","23.2","14.7","11.0","7.3","","","","","","","","","","","5.3"
"14","DYM/Henneo","<a href= https://www.20minutos.es/noticia/4430577/0/pp-primera-fuerza-mocion-gobernar-vox-cs-encuesta-dym/ target=""_blank"" rel=""noreferrer nofollow"" style="" color:#222222""> DYM/Henneo </a>","22-23 Oct 2020","1006","","25.0","24.5","16.6","10.3","7.8","","","","","","","","","","","0.5"
"15","Sigma Dos/El Mundo","<a href= https://www.elmundo.es/espana/2020/10/24/5f9481f2fdddff74498b4625.html target=""_blank"" rel=""noreferrer nofollow"" style="" color:#222222""> Sigma Dos/El Mundo </a>","22-23 Oct 2020","1000","","29.3","24.0","14.9","11.8","6.8","3.0","1.0","2.0","1.9","","","","","","","5.3"
"16","Hamalgama Metrica/OKDiario","<a href= https://okdiario.com/espana/pp-pierde-11-escanos-respecto-mayo-queda-100-psoe-lidera-109-vox-sube-58-6324174 target=""_blank"" rel=""noreferrer nofollow"" style="" color:#222222""> Hamalgama Metrica/OKDiario </a>","21-23 Oct 2020","1000","","26.9","23.1","15.7","12.6","6.1","3.6","","","","","","","","0.4","","3.8"
"17","ElectoPanel/Electomania","<a href= https://electomania.es/ep22o20/ target=""_blank"" rel=""noreferrer nofollow"" style="" color:#222222""> ElectoPanel/Electomania </a>","19-22 Oct 2020","4772","","27.0","20.2","17.4","11.6","7.5","3.3","2.3","2.6","1.4","1.3","0.7","0.5","0.6","0.4","0.2","6.8"
"19","SocioMetrica/El Espanol","<a href= https://www.elespanol.com/espana/politica/20201018/repunte-vox-pp-sanchez-sondeo-publica-espanol/529197669_0.html target=""_blank"" rel=""noreferrer nofollow"" style="" color:#222222""> SocioMetrica/El Espanol </a>","15-17 Oct 2020","2103","","26.6","22.8","16.3","10.5","7.1","3.2","2.5","3.0","1.8","1.3","","0.4","0.7","0.4","0.3","3.8"
"20","NC Report/La Razon","<a href= https://www.larazon.es/espana/20201018/xslzb4tpajh5vne6jm57jz37fy.html target=""_blank"" rel=""noreferrer nofollow"" style="" color:#222222""> NC Report/La Razon </a>","13-17 Oct 2020","1000","62.6","27.0","23.6","15.6","11.4","6.3","3.4","","2.6","1.5","1.2","","","","","","3.4"
"21","ElectoPanel/Electomania","<a href= https://electomania.es/ep18o20/ target=""_blank"" rel=""noreferrer nofollow"" style="" color:#222222""> ElectoPanel/Electomania </a>","12-16 Oct 2020","1450","","27.0","20.4","17.0","11.6","7.7","3.3","2.3","2.7","1.5","1.3","0.7","0.5","0.7","0.4","0.2","6.6"
"22","GIPEyOP","<a href= https://www.uv.es/pavia/Informe_GIPEyOP_encuesta_COVID_octubre.pdf target=""_blank"" rel=""noreferrer nofollow"" style="" color:#222222""> GIPEyOP </a>","23 Sep-14 Oct 2020","1955","59.4","21.0","17.4","19.7","14.7","5.5","3.7","4.1","3.1","1.8","1.6","2.1","0.5","1.1","0.1","","1.3"
"23","Sigma Dos/Antena 3","<a href= https://www.antena3.com/noticias/espana/barometro-recorta-distancia-psoe-que-mantiene-primero-intencion-voto_202010105f81ad247c72380001caebf1.html target=""_blank"" rel=""noreferrer nofollow"" style="" color:#222222""> Sigma Dos/Antena 3 </a>","10 Oct 2020","","","28.1","24.1","14.0","12.4","7.2","3.2","0.9","1.7","1.9","","","","","","","4.0"
"24","Invymark/laSexta","<a href= https://www.lasexta.com/noticias/nacional/barometro-lasexta-el-psoe-ganaria-ahora-las-elecciones-con-un-288-de-los-votos_202010115f82f93b7c72380001cc5a2a.html target=""_blank"" rel=""noreferrer nofollow"" style="" color:#222222""> Invymark/laSexta </a>","5-9 Oct 2020","","","28.8","22.7","15.1","11.1","7.4","","","","","","","","","","","6.1"
"25","ElectoPanel/Electomania","<a href= https://electomania.es/ep11oct20/ target=""_blank"" rel=""noreferrer nofollow"" style="" color:#222222""> ElectoPanel/Electomania </a>","5-9 Oct 2020","1265","","27.1","20.7","16.7","11.5","7.9","3.3","2.2","2.7","1.4","1.2","0.7","0.5","0.6","0.4","0.2","6.4"
"26","Simple Logica","<a href= https://www.simplelogica.com/es/intencion-de-voto-y-valoracion-de-lideres-politicos-octubre-2020/ target=""_blank"" rel=""noreferrer nofollow"" style="" color:#222222""> Simple Logica </a>","1-9 Oct 2020","1060","63.6","27.2","19.5","17.1","11.0","7.5","","","","","","","","","","","7.7"
"28","CIS","<a href= http://datos.cis.es/pdf/Es3296marMT_A.pdf target=""_blank"" rel=""noreferrer nofollow"" style="" color:#222222""> CIS </a>","1-7 Oct 2020","2924","","30.8","18.9","12.5","11.7","8.8","3.3","1.8","1.8","1.3","1.1","0.5","0.2","0.5","0.4","0.2","11.9"
"29","ElectoPanel/Electomania","<a href= https://electomania.es/ep4oct20/ target=""_blank"" rel=""noreferrer nofollow"" style="" color:#222222""> ElectoPanel/Electomania </a>","1-3 Oct 2020","1265","","27.1","20.7","16.4","11.4","8.3","3.4","2.2","2.6","1.4","1.2","0.7","0.5","0.6","0.4","0.2","6.4"
"30","GAD3/ABC","<a href= https://www.abc.es/espana/abci-aumenta-13-diputados-desde-julio-y-pp-pierde-18-202010050208_noticia.html target=""_blank"" rel=""noreferrer nofollow"" style="" color:#222222""> GAD3/ABC </a>","28 Sep-2 Oct 2020","960","","27.3","23.8","14.6","11.3","5.8","3.5","1.5","1.9","1.9","1.2","0.8","0.4","0.8","0.4","0.3","3.5"
"31","ElectoPanel/Electomania","<a href= https://electomania.es/ep27s20/ target=""_blank"" rel=""noreferrer nofollow"" style="" color:#222222""> ElectoPanel/Electomania </a>","22-25 Sep 2020","1410","","27.4","20.2","16.9","10.9","8.4","3.4","2.3","2.7","1.4","1.2","0.7","0.5","0.6","0.4","0.2","7.2"
"32","DYM/Henneo","<a href= https://www.diariodenavarra.es/noticias/actualidad/nacional/2020/09/23/la-segunda-ola-covid-apenas-desgasta-partido-sanchez-702661-1031.html target=""_blank"" rel=""noreferrer nofollow"" style="" color:#222222""> DYM/Henneo </a>","16-20 Sep 2020","1008","","25.8","24.0","13.7","10.8","8.8","","","","","","","","","","","1.8"
"33","Demoscopia y Servicios/ESdiario","<a href= https://www.esdiario.com/510321687/Sondeo-ESdiario-Sanchez-frena-su-caida-a-costa-del-desgaste-de-las-comunidades.html target=""_blank"" rel=""noreferrer nofollow"" style="" color:#222222""> Demoscopia y Servicios/ESdiario </a>","17-19 Sep 2020","1000","","25.7","23.5","15.3","13.2","6.5","3.1","1.6","2.7","1.5","1.4","0.9","0.4","0.6","0.4","0.3","2.2"
"34","ElectoPanel/Electomania","<a href= https://electomania.es/ep20s20/ target=""_blank"" rel=""noreferrer nofollow"" style="" color:#222222""> ElectoPanel/Electomania </a>","16-19 Sep 2020","1632","","27.3","20.1","16.6","11.1","8.7","3.4","2.2","2.6","1.5","1.2","0.7","0.5","0.7","0.4","0.2","7.2"
"35","NC Report/La Razon","<a href= https://www.larazon.es/espana/20200921/osw3ayszybesjottjov3lq2h54.html target=""_blank"" rel=""noreferrer nofollow"" style="" color:#222222""> NC Report/La Razon </a>","15-19 Sep 2020","1000","62.4","26.8","24.1","15.2","11.3","6.3","3.4","2.4","2.6","1.5","1.2","","","","0.4","","2.7"
"37","Metroscopia","<a href= https://cincodias.elpais.com/cincodias/2020/09/24/opinion/1600954147_716480.html target=""_blank"" rel=""noreferrer nofollow"" style="" color:#222222""> Metroscopia </a>","17 Sep 2020","","59","28.3","21.0","17.5","10.2","5.7","2.7","","","","","","","","0.4","","7.3"
"38","Invymark/laSexta","<a href= https://www.lasexta.com/noticias/nacional/barometro-lasexta-un-60-de-los-encuestados-prefiere-a-ciudadanos-antes-que-a-los-partidos-independentistas-para-pactar-los-presupuestos_202009135f5e0e35653ee200019a7e07.html target=""_blank"" rel=""noreferrer nofollow"" style="" color:#222222""> Invymark/laSexta </a>","7-11 Sep 2020","","","28.6","22.4","14.5","11.3","7.3","","","","","","","","","","","6.2"
"39","ElectoPanel/Electomania","<a href= https://electomania.es/avanceep13s20/ target=""_blank"" rel=""noreferrer nofollow"" style="" color:#222222""> ElectoPanel/Electomania </a>","7-11 Sep 2020","1227","","27.0","20.3","16.6","11.1","8.6","3.4","2.2","2.7","1.3","1.2","0.7","0.5","0.6","0.4","0.2","6.7"
"40","Simple Logica","<a href= https://www.simplelogica.com/es/intencion-de-voto-y-valoracion-de-lideres-politicos-septiembre-2020/ target=""_blank"" rel=""noreferrer nofollow"" style="" color:#222222""> Simple Logica </a>","1-11 Sep 2020","1065","63.4","28.1","22.1","15.8","12.3","6.1","","","","","","","","","","","6.0"
"42","CIS","<a href= http://datos.cis.es/pdf/Es3292marMT_A.pdf target=""_blank"" rel=""noreferrer nofollow"" style="" color:#222222""> CIS </a>","1-7 Sep 2020","2904","","31.5","18.1","11.7","12.2","10.6","2.8","1.5","1.7","1.2","0.8","0.6","0.6","0.8","0.5","0.2","13.4"
"43","Sigma Dos/Antena 3","<a href= https://www.antena3.com/noticias/espana/barometro-psoe-suben-intencion-voto-populares-recortando-distancia-mientras-resto-formaciones-pierden-apoyo_202009065f54da034ac60a0001157c29.html target=""_blank"" rel=""noreferrer nofollow"" style="" color:#222222""> Sigma Dos/Antena 3 </a>","6 Sep 2020","","","28.9","25.3","13.5","12.1","6.2","3.3","0.9","1.6","1.9","","","","","","","3.6"
"44","ElectoPanel/Electomania","<a href= https://electomania.es/ep6s20/ target=""_blank"" rel=""noreferrer nofollow"" style="" color:#222222""> ElectoPanel/Electomania </a>","30 Aug-3 Sep 2020","1240","","27.5","20.8","16.4","10.6","8.2","3.4","2.3","2.7","1.4","1.2","0.7","0.5","0.7","0.4","0.2","6.7"
"45","SocioMetrica/El Espanol","<a href= https://www.elespanol.com/espana/politica/20200831/podemos-intencion-voto-baja-llego-congreso-diputados/516948831_0.html target=""_blank"" rel=""noreferrer nofollow"" style="" color:#222222""> SocioMetrica/El Espanol </a>","28-30 Aug 2020","1620","","27.3","24.1","14.3","9.6","8.7","3.4","2.3","2.7","1.7","1.3","0.8","0.6","0.6","0.4","0.2","3.2"
"46","NC Report/La Razon","<a href= https://www.larazon.es/espana/20200831/2plhyftsyjbltbdokw44jnf66a.html target=""_blank"" rel=""noreferrer nofollow"" style="" color:#222222""> NC Report/La Razon </a>","25-29 Aug 2020","1000","62.1","26.9","24.7","15.0","10.7","5.7","3.5","2.4","2.5","1.5","1.3","","","","","","2.2"
"47","ElectoPanel/Electomania","<a href= https://electomania.es/ep30a20/ target=""_blank"" rel=""noreferrer nofollow"" style="" color:#222222""> ElectoPanel/Electomania </a>","23-27 Aug 2020","1430","","27.4","21.4","15.8","11.5","7.5","3.5","2.1","2.7","1.4","1.2","0.7","0.5","0.7","0.4","0.2","6.0"
"48","SW Demoscopia","<a href= http://swdemoscopia.com/2020/08/21/barometro-agosto-sw/ target=""_blank"" rel=""noreferrer nofollow"" style="" color:#222222""> SW Demoscopia </a>","19-21 Aug 2020","1001","","28.7","20.2","15.9","11.4","9.5","3.6","1.2","2.5","1.5","1.3","","","","","","8.5"
"49","ElectoPanel/Electomania","<a href= https://electomania.es/ep21a20/ target=""_blank"" rel=""noreferrer nofollow"" style="" color:#222222""> ElectoPanel/Electomania </a>","18-21 Aug 2020","1520","","27.2","22.1","15.3","11.2","7.4","3.5","2.1","2.8","1.3","1.2","0.7","0.5","0.7","0.4","0.2","5.1"
"50","ElectoPanel/Electomania","<a href= https://electomania.es/ep16a2020/ target=""_blank"" rel=""noreferrer nofollow"" style="" color:#222222""> ElectoPanel/Electomania </a>","10-13 Aug 2020","1802","","26.7","22.9","14.7","11.5","7.2","3.6","2.1","2.9","1.3","1.3","0.7","0.5","0.7","0.4","0.2","3.8"
"51","Simple Logica","<a href= https://www.simplelogica.com/es/intencion-de-voto-y-valoracion-de-lideres-politicos-agosto-2020/ target=""_blank"" rel=""noreferrer nofollow"" style="" color:#222222""> Simple Logica </a>","3-6 Aug 2020","1046","65.1","29.2","22.9","13.5","11.4","6.3","","","","","","","","","","","6.3"
"52","ElectoPanel/Electomania","<a href= https://electomania.es/ep9a20/ target=""_blank"" rel=""noreferrer nofollow"" style="" color:#222222""> ElectoPanel/Electomania </a>","3-6 Aug 2020","2150","","26.8","23.0","14.1","11.6","7.7","3.8","2.1","3.0","1.3","1.3","0.6","0.5","0.7","0.4","0.2","3.8"
"53","ElectoPanel/Electomania","<a href= https://electomania.es/epvoto4ago20/ target=""_blank"" rel=""noreferrer nofollow"" style="" color:#222222""> ElectoPanel/Electomania </a>","3-4 Aug 2020","1530","","27.5","23.1","14.1","10.6","7.9","3.7","2.1","2.8","1.4","1.3","0.6","0.5","0.7","0.4","0.2","4.4"
"54","Celeste-Tel/eldiario.es","<a href= https://www.eldiario.es/politica/mejora-psoe-capitaliza-gestion-pandemia-resultados-10n-pp-alza_1_6156405.html target=""_blank"" rel=""noreferrer nofollow"" style="" color:#222222""> Celeste-Tel/eldiario.es </a>","27-31 Jul 2020","1100","64.1","28.7","24.4","14.6","11.9","5.3","3.5","2.2","2.2","1.6","1.2","1.0","0.6","0.9","0.4","0.2","4.3"
"55","ElectoPanel/Electomania","<a href= https://electomania.es/ep2a20/ target=""_blank"" rel=""noreferrer nofollow"" style="" color:#222222""> ElectoPanel/Electomania </a>","25-31 Jul 2020","1700","","28.9","23.0","14.2","10.0","7.7","3.7","1.9","2.4","1.4","1.3","0.6","0.5","0.7","0.4","0.2","5.9"
"56","Metroscopia","<a href= https://cincodias.elpais.com/cincodias/2020/09/24/opinion/1600954147_716480.html target=""_blank"" rel=""noreferrer nofollow"" style="" color:#222222""> Metroscopia </a>","26 Jul 2020","","","29.7","24.8","13.0","10.7","5.3","","","","","","","","","","","4.9"
"57","Invymark/laSexta","<a href= https://www.lasexta.com/noticias/nacional/barometro-de-lasexta-el-psoe-volveria-a-ganar-las-elecciones-con-el-29-de-apoyos-y-vox-se-consolidaria-como-tercera-fuerza_202007265f1da8d3f5f4b20001d960b9.html target=""_blank"" rel=""noreferrer nofollow"" style="" color:#222222""> Invymark/laSexta </a>","20-24 Jul 2020","","","29.1","21.4","14.0","11.9","7.9","","","","","","","","","","","7.7"
"58","ElectoPanel/Electomania","<a href= https://electomania.es/ep26jul20/ target=""_blank"" rel=""noreferrer nofollow"" style="" color:#222222""> ElectoPanel/Electomania </a>","20-24 Jul 2020","1500","","29.1","22.7","14.1","9.9","7.9","3.8","2.0","2.4","1.4","1.3","0.6","0.5","0.7","0.4","0.2","6.4"
"59","CIS","<a href= http://datos.cis.es/pdf/Es3290marMT_A.pdf target=""_blank"" rel=""noreferrer nofollow"" style="" color:#222222""> CIS </a>","9-19 Jul 2020","2926","","32.4","19.4","12.3","12.6","8.7","2.8","1.6","1.3","1.0","1.0","0.5","0.5","0.8","0.4","0.3","13.0"
"60","NC Report/La Razon","<a href= https://www.larazon.es/espana/20200720/fck5wsy4mjfe7otj4dbjlqps74.html target=""_blank"" rel=""noreferrer nofollow"" style="" color:#222222""> NC Report/La Razon </a>","14-18 Jul 2020","1000","62.2","26.4","25.2","14.9","10.7","5.5","3.6","2.1","2.4","1.6","1.3","","","","0.4","","1.2"
"62","ElectoPanel/Electomania","<a href= https://electomania.es/ep18jul20/ target=""_blank"" rel=""noreferrer nofollow"" style="" color:#222222""> ElectoPanel/Electomania </a>","12-17 Jul 2020","1500","","27.5","23.4","14.5","10.3","7.5","3.6","2.1","2.7","1.4","1.3","0.7","0.5","0.7","0.4","0.2","4.1"
"63","GAD3/ABC","<a href= https://www.abc.es/espana/abci-pp-casado-primera-fuerza-superar-psoe-cuatro-escanos-202007142244_noticia.html target=""_blank"" rel=""noreferrer nofollow"" style="" color:#222222""> GAD3/ABC </a>","6-14 Jul 2020","2300","","29.1","27.6","11.2","10.1","5.2","","1.8","","","","","","","","","1.5"
"64","ElectoPanel/Electomania","<a href= https://electomania.es/ep11jul20/ target=""_blank"" rel=""noreferrer nofollow"" style="" color:#222222""> ElectoPanel/Electomania </a>","3-10 Jul 2020","3700","","26.6","22.9","15.0","11.2","8.6","3.7","1.9","2.8","1.4","1.2","0.7","0.5","0.5","0.3","0.2","3.7"
"65","IMOP/CIS","<a href= http://datos.cis.es/pdf/Es3288marMT_A.pdf target=""_blank"" rel=""noreferrer nofollow"" style="" color:#222222""> IMOP/CIS </a>","1-9 Jul 2020","3032","","32.1","21.2","11.6","12.1","8.8","2.7","0.9","1.5","1.3","0.8","0.6","0.4","0.7","0.4","0.1","10.9"
"66","Simple Logica","<a href= https://www.simplelogica.com/es/intencion-de-voto-y-valoracion-de-lideres-politicos-julio-2020/ target=""_blank"" rel=""noreferrer nofollow"" style="" color:#222222""> Simple Logica </a>","1-8 Jul 2020","1035","64.1","29.1","21.8","15.0","12.5","6.4","","","","","","","","","","","7.3"
"67","ElectoPanel/Electomania","<a href= https://electomania.es/ep4jul20/ target=""_blank"" rel=""noreferrer nofollow"" style="" color:#222222""> ElectoPanel/Electomania </a>","29 Jun-2 Jul 2020","3100","","26.3","23.5","14.6","11.9","8.5","3.5","1.9","2.6","1.3","1.2","0.8","0.5","0.5","0.4","0.2","2.8"
"68","DYM/Henneo","<a href= https://www.heraldo.es/noticias/nacional/2020/07/02/encuesta-henneo-psoe-y-pp-recuperan-voto-cs-y-vox-tienen-leves-caidas-y-up-se-mantiene-1383695.html target=""_blank"" rel=""noreferrer nofollow"" style="" color:#222222""> DYM/Henneo </a>","24-27 Jun 2020","1000","","26.0","22.4","15.1","11.3","8.3","","","","","","","","","","","3.6"
"69","GESOP","<a href= https://gesop.net/es/2020/07/02/como-se-vive-la-nueva-normalidad/ target=""_blank"" rel=""noreferrer nofollow"" style="" color:#222222""> GESOP </a>","22-26 Jun 2020","750","","28.5","23.5","13.0","13.5","6.0","3.0","","2.0","","","","","","","","5.0"
"70","Invymark/laSexta","<a href= https://www.lasexta.com/noticias/nacional/barometro-lasexta-el-745-de-los-encuestados-apoya-un-pacto-entre-pp-y-gobierno-para-la-reconstruccion-economica_202006285ef893f679400600019940c3.html target=""_blank"" rel=""noreferrer nofollow"" style="" color:#222222""> Invymark/laSexta </a>","22-26 Jun 2020","","","27.8","21.0","14.1","12.8","8.7","","","","","","","","","","","6.8"
"71","ElectoPanel/Electomania","<a href= https://electomania.es/ep27j20/ target=""_blank"" rel=""noreferrer nofollow"" style="" color:#222222""> ElectoPanel/Electomania </a>","22-26 Jun 2020","3220","","26.3","24.2","14.2","11.7","8.0","3.5","2.0","2.6","1.3","1.2","0.8","0.5","0.5","0.4","0.2","2.1"
"72","Demoscopia y Servicios/ESdiario","<a href= https://www.esdiario.com/823279096/Sondeo-Casado-vence-a-Sanchez-y-recoge-los-frutos-de-su-erratica-gestion.html target=""_blank"" rel=""noreferrer nofollow"" style="" color:#222222""> Demoscopia y Servicios/ESdiario </a>","17-19 Jun 2020","1000","","25.0","24.2","15.1","13.7","6.2","3.1","1.5","2.8","1.5","1.4","1.0","0.4","0.6","0.4","0.3","0.8"
"73","ElectoPanel/Electomania","<a href= https://electomania.es/ep20j20/ target=""_blank"" rel=""noreferrer nofollow"" style="" color:#222222""> ElectoPanel/Electomania </a>","13-19 Jun 2020","3530","","25.5","24.6","14.2","11.8","8.2","3.6","1.9","2.6","1.3","1.2","0.8","0.5","0.5","0.4","0.2","0.9"
"74","Sigma Dos/El Mundo","<a href= https://www.elmundo.es/espana/2020/06/22/5eef897dfdddff96438b45ee.html target=""_blank"" rel=""noreferrer nofollow"" style="" color:#222222""> Sigma Dos/El Mundo </a>","15-17 Jun 2020","1000","","28.7","26.0","11.7","12.0","8.3","3.1","1.2","2.0","1.9","","","","","","","2.7"
"75","NC Report/La Razon","<a href= https://www.larazon.es/espana/20200615/t5c27hi27zaozbanrwgdfeflni.html target=""_blank"" rel=""noreferrer nofollow"" style="" color:#222222""> NC Report/La Razon </a>","9-13 Jun 2020","1000","61.7","26.0","25.1","14.8","12.1","5.6","3.7","1.9","2.4","1.6","1.3","1.0","0.5","0.5","0.4","0.3","0.9"
"76","ElectoPanel/Electomania","<a href= https://electomania.es/ep13j20/ target=""_blank"" rel=""noreferrer nofollow"" style="" color:#222222""> ElectoPanel/Electomania </a>","6-12 Jun 2020","2000","","25.9","24.7","14.1","11.7","7.9","3.6","2.0","2.6","1.3","1.2","0.8","0.5","0.5","0.4","0.2","1.2"
"78","IMOP/CIS","<a href= http://datos.cis.es/pdf/Es3283marMT_A.pdf target=""_blank"" rel=""noreferrer nofollow"" style="" color:#222222""> IMOP/CIS </a>","1-9 Jun 2020","4258","","31.2","20.0","12.5","11.4","9.4","2.6","1.3","1.2","1.4","0.9","0.7","0.4","0.6","0.3","0.1","11.2"
"79","Simple Logica","<a href= https://www.simplelogica.com/es/intencion-de-voto-y-valoracion-de-lideres-politicos-junio-2020/ target=""_blank"" rel=""noreferrer nofollow"" style="" color:#222222""> Simple Logica </a>","1-5 Jun 2020","1012","62.7","29.9","21.7","15.1","12.0","7.6","","","","","","","","","","","8.2"
"80","Celeste-Tel/eldiario.es","<a href= https://www.eldiario.es/politica/PP-Ciudadanos-PSOE-Unidas-Podemos_0_1036596907.html target=""_blank"" rel=""noreferrer nofollow"" style="" color:#222222""> Celeste-Tel/eldiario.es </a>","1-5 Jun 2020","1100","61.9","27.0","23.1","15.2","12.3","6.7","3.8","1.8","2.4","1.6","1.2","0.9","0.5","0.5","0.4","0.3","3.9"
"81","GAD3/ABC","<a href= https://www.abc.es/espana/abci-centro-derecha-supera-izquierda-nueve-escanos-y-42-puntos-voto-202006072047_noticia.html target=""_blank"" rel=""noreferrer nofollow"" style="" color:#222222""> GAD3/ABC </a>","18 May-5 Jun 2020","3104","","28.3","25.4","11.2","10.5","7.6","","1.6","","","","","","","","","2.9"
"82","ElectoPanel/Electomania","<a href= https://electomania.es/ep6j20/ target=""_blank"" rel=""noreferrer nofollow"" style="" color:#222222""> ElectoPanel/Electomania </a>","2-3 Jun 2020","1400","","25.6","25.1","14.0","11.7","7.8","3.6","1.9","2.6","1.3","1.2","0.8","0.5","0.5","0.4","0.2","0.5"
"83","ElectoPanel/Electomania","<a href= https://electomania.es/ep31my20/ target=""_blank"" rel=""noreferrer nofollow"" style="" color:#222222""> ElectoPanel/Electomania </a>","29-31 May 2020","2200","","26.2","25.6","13.8","11.5","7.2","3.6","1.8","2.7","1.2","1.2","0.8","0.5","0.5","0.4","0.2","0.6"
"84","SocioMetrica/El Espanol","<a href= https://www.elespanol.com/espana/politica/20200531/pp-vox-cs-borde-primera-mayoria-absoluta/493951119_0.html target=""_blank"" rel=""noreferrer nofollow"" style="" color:#222222""> SocioMetrica/El Espanol </a>","27-29 May 2020","1872","","26.9","24.4","14.6","10.9","7.9","3.6","1.4","2.3","1.6","1.0","0.7","0.6","","0.4","0.3","2.5"
"85","Invymark/laSexta","<a href= https://www.lasexta.com/noticias/nacional/barometro-lasexta-el-psoe-conseguiria-el-269-del-voto-ya-decidido_202005315ed3ac3f4792350001fc65a2.html target=""_blank"" rel=""noreferrer nofollow"" style="" color:#222222""> Invymark/laSexta </a>","25-29 May 2020","","","26.9","20.0","15.5","13.2","8.6","","","","","","","","","","","6.9"
"86","DYM/Henneo","<a href= https://www.20minutos.es/noticia/4271071/0/encuesta-dym-intencion-voto-psoe-pp-coronavirus/ target=""_blank"" rel=""noreferrer nofollow"" style="" color:#222222""> DYM/Henneo </a>","21-24 May 2020","1041","","25.1","22.0","15.8","11.3","9.0","","","","","","","","","","","3.1"
"87","ElectoPanel/Electomania","<a href= https://electomania.es/ep24my20/ target=""_blank"" rel=""noreferrer nofollow"" style="" color:#222222""> ElectoPanel/Electomania </a>","18-23 May 2020","4500","","26.4","25.4","13.9","11.5","7.2","3.4","1.9","2.7","1.4","1.1","0.8","0.5","0.5","0.4","0.2","1.0"
"89","Sigma Dos/Antena 3","<a href= https://www.antena3.com/noticias/espana/barometro-psoe-suben-intencion-voto-populares-recortando-distancia-mientras-bajan-podemos-vox-crisis-coronavirus_202005175ec13229ee59440001c35116.html target=""_blank"" rel=""noreferrer nofollow"" style="" color:#222222""> Sigma Dos/Antena 3 </a>","17 May 2020","","","29.7","26.4","11.8","11.4","6.0","3.6","1.0","1.9","1.9","","","","","","","3.3"
"90","NC Report/La Razon","<a href= https://www.larazon.es/espana/20200518/53t7cmdsavfgtfsepscbzbgs6m.html target=""_blank"" rel=""noreferrer nofollow"" style="" color:#222222""> NC Report/La Razon </a>","12-16 May 2020","1000","62.1","26.0","24.9","14.6","12.5","5.2","3.6","","2.6","1.7","1.2","","","","","","1.1"
"91","Hamalgama Metrica/OKDiario","<a href= https://okdiario.com/espana/casado-ganaria-hoy-elecciones-psoe-pierde-10-escanos-giro-arrimadas-hunde-cs-5619863 target=""_blank"" rel=""noreferrer nofollow"" style="" color:#222222""> Hamalgama Metrica/OKDiario </a>","12-15 May 2020","1000","","26.1","25.4","15.3","11.6","4.0","3.7","1.5","2.4","1.6","1.2","","","","0.4","","0.7"
"92","GESOP/El Periodico","<a href= https://www.elperiodico.com/es/politica/20200517/encuesta-gesop-miedo-futuro-economico-no-agita-mapa-politico-7965146 target=""_blank"" rel=""noreferrer nofollow"" style="" color:#222222""> GESOP/El Periodico </a>","11-15 May 2020","750","","27.5","22.8","14.0","11.3","6.5","3.4","","2.1","1.8","1.2","","","","","","4.7"
"93","SW Demoscopia/Grupo Viva","<a href= https://andaluciainformacion.es/?a=899126&i=1 target=""_blank"" rel=""noreferrer nofollow"" style="" color:#222222""> SW Demoscopia/Grupo Viva </a>","8-15 May 2020","2000","","28.1","21.2","15.8","11.8","8.9","3.7","1.5","2.4","1.5","0.9","0.8","0.4","","0.4","0.2","6.9"
"94","GIPEyOP","<a href= https://www.uv.es/pavia/Informe_Encuesta_COVID19.pdf target=""_blank"" rel=""noreferrer nofollow"" style="" color:#222222""> GIPEyOP </a>","28 Apr-14 May 2020","8387","64.9","27.3","21.2","15.8","13.0","5.6","3.8","2.3","1.8","1.5","1.5","1.4","0.7","0.9","0.6","","6.1"
"95","Metroscopia","<a href= https://elpais.com/espana/2020-05-13/las-polemicas-de-diaz-ayuso-revientan-la-estrategia-del-pp.html target=""_blank"" rel=""noreferrer nofollow"" style="" color:#222222""> Metroscopia </a>","11-13 May 2020","","","28.0","24.0","13.0","11.0","7.0","","","","","","","","","","","4.0"
"96","ElectoPanel/Electomania","<a href= https://electomania.es/ep13my20/ target=""_blank"" rel=""noreferrer nofollow"" style="" color:#222222""> ElectoPanel/Electomania </a>","11-13 May 2020","1738","","26.1","25.3","14.1","11.4","7.4","3.3","1.8","2.7","1.3","1.2","0.8","0.5","0.6","0.4","0.3","0.8"
"98","Intercampo/CIS","<a href= http://datos.cis.es/pdf/Es3281marMT_A.pdf target=""_blank"" rel=""noreferrer nofollow"" style="" color:#222222""> Intercampo/CIS </a>","4-13 May 2020","3800","","31.1","20.3","11.3","11.5","10.5","2.9","1.4","1.2","1.3","0.7","0.7","0.4","0.5","0.3","0.2","10.8"
"99","Demoscopia y Servicios/ESdiario","<a href= https://www.esdiario.com/328998126/Sondeo-ESdiario-el-desgaste-del-PSOE-coloca-al-PP-a-punto-del-vuelco-electoral.html target=""_blank"" rel=""noreferrer nofollow"" style="" color:#222222""> Demoscopia y Servicios/ESdiario </a>","7-9 May 2020","1200","","25.1","23.9","15.2","13.6","6.4","3.2","1.4","2.7","1.5","1.3","1.2","0.4","0.5","0.4","0.3","1.2"
"100","SW Demoscopia","<a href= http://swdemoscopia.com/2020/05/08/barometro-de-mayo-de-sw-demoscopia/ target=""_blank"" rel=""noreferrer nofollow"" style="" color:#222222""> SW Demoscopia </a>","5-8 May 2020","1104","","28.4","20.3","16.2","12.0","9.0","3.5","1.2","2.3","1.5","0.9","0.8","0.4","","0.4","0.2","8.1"
"101","Celeste-Tel/eldiario.es","<a href= https://www.eldiario.es/politica/PP-escanos-partidos-Gobierno-coronavirus_0_1026447567.html target=""_blank"" rel=""noreferrer nofollow"" style="" color:#222222""> Celeste-Tel/eldiario.es </a>","4-8 May 2020","1100","62.3","27.4","22.2","15.6","12.9","6.5","3.7","1.6","2.5","1.6","1.2","0.8","0.4","0.5","0.4","0.3","5.2"
"102","Simple Logica","<a href= https://www.simplelogica.com/es/intencion-de-voto-y-valoracion-de-lideres-politicos-mayo-2020/ target=""_blank"" rel=""noreferrer nofollow"" style="" color:#222222""> Simple Logica </a>","4-8 May 2020","1019","63.8","30.8","21.7","11.8","12.2","9.8","","","","","","","","","","","9.1"
"103","GAD3/ABC","<a href= https://www.abc.es/espana/abci-pp-sube-hasta-115-escanos-y-pone-peligro-mayoria-psoe-202005102332_noticia.html target=""_blank"" rel=""noreferrer nofollow"" style="" color:#222222""> GAD3/ABC </a>","4-8 May 2020","1004","66","28.7","27.1","11.7","10.9","5.9","","1.4","","","","","","","","","1.6"
"104","ElectoPanel/Electomania","<a href= https://electomania.es/epgen8my20 target=""_blank"" rel=""noreferrer nofollow"" style="" color:#222222""> ElectoPanel/Electomania </a>","2-7 May 2020","4753","","26.3","24.9","14.1","11.4","7.6","3.3","1.8","2.7","1.3","1.2","0.8","0.5","0.6","0.4","0.3","1.4"
"105","Sinaptica/Publico","<a href= https://www.publico.es/politica/sondeo-pandemia-quema-psoe-aupa-pp-unidas-resiste.html target=""_blank"" rel=""noreferrer nofollow"" style="" color:#222222""> Sinaptica/Publico </a>","28 Apr-4 May 2020","1001","","25.1","22.3","15.7","13.1","7.5","3.3","2.2","2.6","1.2","1.6","1.3","","","","","2.8"
"106","Invymark/laSexta","<a href= https://www.lasexta.com/noticias/nacional/barometro-lasexta-sanitarios-mas-valorados-crisis-coronavirus-monarquia-suspende_202005045eaff0a980205c0001ff6619.html target=""_blank"" rel=""noreferrer nofollow"" style="" color:#222222""> Invymark/laSexta </a>","27 Apr-1 May 2020","","","27.9","20.4","17.0","12.3","6.9","","","","","","","","","","","7.5"
"107","NC Report/La Razon","<a href= https://www.larazon.es/espana/20200504/aepsm5clbrgchia5knctxzv2bm.html target=""_blank"" rel=""noreferrer nofollow"" style="" color:#222222""> NC Report/La Razon </a>","27-30 Apr 2020","1000","62.5","26.3","23.2","15.4","13.0","6.2","3.5","1.7","2.7","1.6","1.1","0.9","0.5","0.5","0.4","0.3","3.1"
"108","ElectoPanel/Electomania","<a href= https://electomania.es/ep30a20/ target=""_blank"" rel=""noreferrer nofollow"" style="" color:#222222""> ElectoPanel/Electomania </a>","26-29 Apr 2020","1480","","27.4","23.8","14.2","11.4","7.3","3.4","1.8","2.7","1.4","1.2","0.9","0.5","0.6","0.4","0.3","3.6"
"109","DYM/Henneo","<a href= https://www.20minutos.es/noticia/4241207/0/psoe-desgaste-crisis-pp-podemos-encuesta-coronavirus/ target=""_blank"" rel=""noreferrer nofollow"" style="" color:#222222""> DYM/Henneo </a>","23-25 Apr 2020","1000","","25.1","22.4","15.3","12.1","7.8","","2.3","","","","","","","","","2.7"
"110","SocioMetrica/El Espanol","<a href= https://www.elespanol.com/espana/politica/20200426/pp-puntos-escanos-psoe-caidas-podemos-vox/485202091_0.html target=""_blank"" rel=""noreferrer nofollow"" style="" color:#222222""> SocioMetrica/El Espanol </a>","21-24 Apr 2020","1200","","28.2","25.4","14.5","11.0","7.5","3.2","1.2","2.4","1.5","1.0","0.7","0.3","0.4","0.3","0.3","2.8"
"111","Metroscopia","<a href= https://cincodias.elpais.com/cincodias/2020/09/24/opinion/1600954147_716480.html target=""_blank"" rel=""noreferrer nofollow"" style="" color:#222222""> Metroscopia </a>","20-24 Apr 2020","","","26.7","25.1","","","","","","","","","","","","","","1.6"
"112","ElectoPanel/Electomania","<a href= https://electomania.es/ep22a20/ target=""_blank"" rel=""noreferrer nofollow"" style="" color:#222222""> ElectoPanel/Electomania </a>","20-22 Apr 2020","1500","","28.3","23.7","13.8","11.6","7.1","3.6","1.7","2.4","1.3","1.2","0.9","0.5","0.6","0.4","0.3","4.6"
"114","Hamalgama Metrica/OKDiario","<a href= https://okdiario.com/espana/casado-queda-10-escanos-sanchez-que-pierde-8-derecha-saca-ya-11-frente-popular-5482463 target=""_blank"" rel=""noreferrer nofollow"" style="" color:#222222""> Hamalgama Metrica/OKDiario </a>","14-17 Apr 2020","1000","63.4","26.8","22.7","15.0","13.4","5.3","3.6","1.6","2.5","1.6","1.2","","","","","","4.1"
"115","Sigma Dos/El Mundo","<a href= https://www.elmundo.es/espana/2020/04/19/5e9b7c57fc6c83684b8b45b3.html target=""_blank"" rel=""noreferrer nofollow"" style="" color:#222222""> Sigma Dos/El Mundo </a>","13-15 Apr 2020","1000","","31.7","25.4","11.9","11.5","5.4","3.6","1.3","1.9","1.9","","","","","","","6.3"
"116","ElectoPanel/Electomania","<a href= https://electomania.es/ep17a20/ target=""_blank"" rel=""noreferrer nofollow"" style="" color:#222222""> ElectoPanel/Electomania </a>","8-14 Apr 2020","3500","","28.1","23.6","13.9","11.5","7.5","3.6","1.8","2.4","1.3","1.1","0.9","0.5","0.6","0.4","0.3","4.5"
"117","ElectoPanel/Electomania","<a href= https://electomania.es/ep8a20/ target=""_blank"" rel=""noreferrer nofollow"" style="" color:#222222""> ElectoPanel/Electomania </a>","2-7 Apr 2020","2115","","25.9","23.5","14.3","11.9","8.3","3.7","1.9","2.5","1.4","1.2","0.9","0.6","0.6","0.4","0.3","2.4"
"118","Simple Logica","<a href= https://www.simplelogica.com/es/intencion-de-voto-y-valoracion-de-lideres-politicos-abril-2020/ target=""_blank"" rel=""noreferrer nofollow"" style="" color:#222222""> Simple Logica </a>","1-7 Apr 2020","1057","64.5","28.2","22.2","16.0","11.0","5.7","","","","","","","","","","","6.0"
"119","Celeste-Tel/eldiario.es","<a href= https://www.eldiario.es/politica/Vox-PSOE-Unidas-Podemos-elecciones_0_1016299038.html target=""_blank"" rel=""noreferrer nofollow"" style="" color:#222222""> Celeste-Tel/eldiario.es </a>","1-7 Apr 2020","1100","62.6","27.9","20.5","16.3","13.7","6.9","3.7","1.7","2.3","1.5","1.2","1.0","0.5","0.5","0.4","0.3","7.4"
"121","Intercampo/CIS","<a href= http://datos.cis.es/pdf/Es3279mar_A.pdf target=""_blank"" rel=""noreferrer nofollow"" style="" color:#222222""> Intercampo/CIS </a>","30 Mar-7 Apr 2020","3000","","31.2","21.1","13.0","12.0","7.6","3.3","1.5","1.4","1.2","0.5","0.6","0.4","0.5","0.3","0.2","10.1"
"122","Sigma Dos/Antena 3","<a href= https://www.antena3.com/noticias/espana/encuesta-crisis-coronavirus-refuerza-bipartidismo-eleva-intencion-voto-psoe_202004075e8c7489b328c6000142df78.html target=""_blank"" rel=""noreferrer nofollow"" style="" color:#222222""> Sigma Dos/Antena 3 </a>","25 Mar-1 Apr 2020","","","32.2","24.3","13.8","11.0","4.4","3.7","1.5","1.9","1.8","","","","","","","7.9"
"123","SW Demoscopia","<a href= http://swdemoscopia.com/2020/04/01/barometro-abril-sw-demoscopia/ target=""_blank"" rel=""noreferrer nofollow"" style="" color:#222222""> SW Demoscopia </a>","27-31 Mar 2020","1102","","25.5","21.6","16.9","12.6","5.1","3.8","2.3","2.6","1.7","1.2","0.9","0.6","","0.5","0.3","3.9"
"125","ElectoPanel/Electomania","<a href= https://electomania.es/ep30m2020/ target=""_blank"" rel=""noreferrer nofollow"" style="" color:#222222""> ElectoPanel/Electomania </a>","26-30 Mar 2020","2500","","25.2","23.2","14.2","12.0","8.9","3.8","2.0","2.6","1.3","1.2","0.9","0.6","0.7","0.4","0.2","2.0"
"126","DYM/Henneo","<a href= https://www.diariodeleon.es/articulo/afondo/votantes-censuran-gobierno-suspenden-todos-lideres-politicos/202004020132222001108.html target=""_blank"" rel=""noreferrer nofollow"" style="" color:#222222""> DYM/Henneo </a>","26-27 Mar 2020","1001","","26.8","23.1","14.4","11.8","7.2","","1.9","","","","","","","","","3.7"
"127","SyM Consulting/La Nueva Cronica","<a href= https://www.lanuevacronica.com/el-psoe-baja-pero-ganaria-las-elecciones target=""_blank"" rel=""noreferrer nofollow"" style="" color:#222222""> SyM Consulting/La Nueva Cronica </a>","23-26 Mar 2020","3104","70.7","26.2","19.9","15.7","11.8","5.2","4.0","","","","","","","","","","6.3"
"128","Demoscopia y Servicios/ESdiario","<a href= https://www.esdiario.com/92368796/Sondeo-ESdiario-el-PSOE-se-hunde-por-la-tardia-reaccion-de-Sanchez-al-Covid-19.html target=""_blank"" rel=""noreferrer nofollow"" style="" color:#222222""> Demoscopia y Servicios/ESdiario </a>","16-17 Mar 2020","1000","65.2","24.5","23.4","14.5","13.6","8.3","3.0","1.3","2.8","1.6","1.2","1.3","0.5","0.5","0.4","0.3","1.1"
"129","ElectoPanel/Electomania","<a href= https://electomania.es/ep14m-2020/ target=""_blank"" rel=""noreferrer nofollow"" style="" color:#222222""> ElectoPanel/Electomania </a>","12-13 Mar 2020","1200","","25.5","21.7","15.1","13.4","7.8","3.8","1.8","2.7","1.4","1.2","1.0","0.5","0.8","0.4","0.3","3.8"
"130","CIS","<a href= http://datos.cis.es/pdf/Es3277marMT_A.pdf target=""_blank"" rel=""noreferrer nofollow"" style="" color:#222222""> CIS </a>","1-13 Mar 2020","3912","","31.9","19.6","14.8","12.9","7.2","2.4","1.2","1.2","1.5","1.2","0.5","0.4","0.6","0.4","0.1","12.3"
"131","Simple Logica","<a href= https://www.simplelogica.com/es/intencion-de-voto-y-valoracion-de-lideres-politicos-marzo-2020/ target=""_blank"" rel=""noreferrer nofollow"" style="" color:#222222""> Simple Logica </a>","2-6 Mar 2020","1029","67.6","27.7","20.9","15.1","14.9","7.7","","","","","","","","","","","6.8"
"132","Invymark/laSexta","<a href= https://www.lasexta.com/noticias/nacional/barometro-lasexta-el-psoe-ganaria-las-elecciones-generales-con-el-288-de-los-votos_202003075e63ae1e7795c700018e83bb.html target=""_blank"" rel=""noreferrer nofollow"" style="" color:#222222""> Invymark/laSexta </a>","2-6 Mar 2020","","","28.8","21.1","17.6","13.2","3.3","","","","","","","","","","","7.7"
"133","SocioMetrica/El Espanol","<a href= https://www.elespanol.com/espana/politica/20200417/encuesta-continua-coronavirus-espanoles-desaprueba-sanchez-psoe/483202529_0.html target=""_blank"" rel=""noreferrer nofollow"" style="" color:#222222""> SocioMetrica/El Espanol </a>","5 Mar 2020","","","27.9","21.0","16.4","12.3","5.6","","","","","","","","","","","6.9"
"135","ElectoPanel/Electomania","<a href= https://electomania.es/electopanel-generales-6m-los-bloques-vuelven-a-igualarse/ target=""_blank"" rel=""noreferrer nofollow"" style="" color:#222222""> ElectoPanel/Electomania </a>","1-5 Mar 2020","1250","","27.7","20.3","17.0","13.2","5.5","3.7","1.9","2.7","1.4","1.1","0.9","0.5","0.5","0.4","0.3","7.4"
"136","SW Demoscopia","<a href= http://swdemoscopia.com/2020/02/29/barometro-marzo-sw-demoscopia/ target=""_blank"" rel=""noreferrer nofollow"" style="" color:#222222""> SW Demoscopia </a>","24-28 Feb 2020","1302","","27.8","19.7","18.8","13.2","3.9","3.6","2.4","2.3","1.6","1.1","1.0","0.6","","0.4","0.3","8.1"
"137","ElectoPanel/Electomania","<a href= https://electomania.es/electopanel-generales-25f-la-descomposicion-de-cs-que-perderia-el-grupo-propio-da-alas-a-pp-y-vox/ target=""_blank"" rel=""noreferrer nofollow"" style="" color:#222222""> ElectoPanel/Electomania </a>","23-25 Feb 2020","1250","","27.7","20.4","17.0","13.3","5.3","3.6","1.8","2.7","1.5","1.1","0.9","0.5","0.5","0.4","0.2","7.3"
"138","Invymark/laSexta","<a href= https://www.lasexta.com/noticias/nacional/barometro-lasexta-el-psoe-se-mantiene-como-primera-fuerza-con-el-29-del-voto_202002235e5281750cf2a8ef1789f1bc.html target=""_blank"" rel=""noreferrer nofollow"" style="" color:#222222""> Invymark/laSexta </a>","17-21 Feb 2020","","","29.1","21.0","17.0","13.4","3.5","","","","","","","","","","","8.1"
"139","NC Report/La Razon","<a href= https://www.larazon.es/espana/20200217/2p3gexyx6rfuncs6n7t5lbjdui.html target=""_blank"" rel=""noreferrer nofollow"" style="" color:#222222""> NC Report/La Razon </a>","6-14 Feb 2020","1000","62.9","26.9","22.2","16.1","13.2","5.6","3.4","1.7","2.9","1.5","1.1","0.9","0.5","0.5","0.5","0.3","4.7"
"140","Simple Logica","<a href= https://www.simplelogica.com/es/intencion-de-voto-y-valoracion-de-lideres-politicos-febrero-2020/ target=""_blank"" rel=""noreferrer nofollow"" style="" color:#222222""> Simple Logica </a>","3-11 Feb 2020","1073","67.5","28.5","17.6","16.1","14.0","7.9","","","","","","","","","","","10.9"
"142","CIS","<a href= http://datos.cis.es/pdf/Es3273marMT_A.pdf target=""_blank"" rel=""noreferrer nofollow"" style="" color:#222222""> CIS </a>","1-11 Feb 2020","2957","","30.9","18.9","13.4","13.6","8.1","3.3","1.6","1.8","1.3","1.1","1.0","0.2","0.7","0.3","0.1","12.0"
"143","Celeste-Tel/eldiario.es","<a href= https://www.eldiario.es/politica/Gobierno_0_994950716.html target=""_blank"" rel=""noreferrer nofollow"" style="" color:#222222""> Celeste-Tel/eldiario.es </a>","3-7 Feb 2020","1100","63.8","27.6","20.2","16.9","13.5","6.2","3.3","2.0","2.7","1.5","1.1","1.0","0.5","0.5","0.4","0.3","7.4"
"144","ElectoPanel/Electomania","<a href= https://electomania.es/epgen10f target=""_blank"" rel=""noreferrer nofollow"" style="" color:#222222""> ElectoPanel/Electomania </a>","3-5 Feb 2020","1490","","27.2","19.9","16.8","13.4","6.1","3.7","1.8","2.7","1.5","1.1","0.9","0.5","0.5","0.4","0.2","7.3"
"145","ElectoPanel/Electomania","<a href= https://electomania.es/ep2f2020/ target=""_blank"" rel=""noreferrer nofollow"" style="" color:#222222""> ElectoPanel/Electomania </a>","30 Jan-1 Feb 2020","1250","","26.7","19.8","16.9","13.6","6.8","3.4","1.8","3.0","1.5","1.1","0.8","0.5","0.5","0.4","0.2","6.9"
"146","Invymark/laSexta","<a href= https://www.lasexta.com/noticias/nacional/barometro-lasexta-el-psoe-alcanza-el-297-del-voto-ya-decidido_202002025e36d4f20cf2e7657595d56d.html target=""_blank"" rel=""noreferrer nofollow"" style="" color:#222222""> Invymark/laSexta </a>","27-31 Jan 2020","","","29.7","20.4","16.8","13.5","3.9","","","","","","","","","","","9.3"
"147","SW Demoscopia","<a href= http://swdemoscopia.com/2020/02/01/ii-barometro-sw-espana-febrero-2020/ target=""_blank"" rel=""noreferrer nofollow"" style="" color:#222222""> SW Demoscopia </a>","27-31 Jan 2020","1307","","27.0","19.4","18.7","13.7","4.7","3.8","2.2","2.3","1.6","1.0","1.1","0.6","","0.4","0.3","7.6"
"148","Metroscopia","<a href= https://www.publico.es/politica/sondeo-metroscopia-bloque-izquierdas-mantiene-fuerza-frente-derechas-psoe-baja.html target=""_blank"" rel=""noreferrer nofollow"" style="" color:#222222""> Metroscopia </a>","13-29 Jan 2020","4237","","26.8","20.5","15.3","13.3","6.1","","2.7","","","","","","","","","6.3"
"149","ElectoPanel/Electomania","<a href= https://electomania.es/electopanel-24e-repunte-de-la-derecha-en-la-ultima-semana/ target=""_blank"" rel=""noreferrer nofollow"" style="" color:#222222""> ElectoPanel/Electomania </a>","21-23 Jan 2020","1250","","26.3","19.4","17.1","13.7","6.8","3.7","1.8","2.7","1.5","1.2","0.9","0.5","0.5","0.4","0.2","6.9"
"151","SocioMetrica/El Espanol","<a href= https://www.elespanol.com/espana/politica/20200121/vox-llega-escanos-partido-gobierno-psoe-podemos/461204919_0.html target=""_blank"" rel=""noreferrer nofollow"" style="" color:#222222""> SocioMetrica/El Espanol </a>","15-18 Jan 2020","1100","","27.7","21.2","16.3","12.5","5.5","3.6","2.1","2.2","1.6","1.1","1.0","0.5","0.5","0.4","0.3","6.5"
"152","Invymark/laSexta","<a href= https://www.lasexta.com/noticias/nacional/barometro-lasexta-el-psoe-volveria-ganar-las-elecciones-ampliando-su-margen-con-el-pp-y-vox-ganaria-mas-apoyos_202001195e2459f20cf20f1d1a881bee.html target=""_blank"" rel=""noreferrer nofollow"" style="" color:#222222""> Invymark/laSexta </a>","13-17 Jan 2020","","","30.3","20.2","16.6","13.6","3.8","","","","","","","","","","","10.1"
"153","NC Report/La Razon","<a href= https://www.larazon.es/espana/20200120/bubd4n2bwbcvfghbhgqoox53sa.html target=""_blank"" rel=""noreferrer nofollow"" style="" color:#222222""> NC Report/La Razon </a>","7-17 Jan 2020","1000","63.5","26.7","22.1","16.1","13.4","5.4","3.3","1.8","2.6","1.5","1.0","1.1","0.5","0.5","0.5","0.3","4.6"
"154","ElectoPanel/Electomania","<a href= https://electomania.es/electopanel-19e-los-bloques-siguen-igualados-con-una-ligera-recuperacion-de-ciudadanos/ target=""_blank"" rel=""noreferrer nofollow"" style="" color:#222222""> ElectoPanel/Electomania </a>","13-15 Jan 2020","2500","","26.4","19.1","16.9","14.0","7.2","3.7","1.8","2.7","1.5","1.2","0.8","0.5","0.5","0.4","0.2","7.3"
"157","CIS","<a href= http://datos.cis.es/pdf/Es3271marMT_A.pdf target=""_blank"" rel=""noreferrer nofollow"" style="" color:#222222""> CIS </a>","2-13 Jan 2020","2929","","30.4","19.9","13.4","13.8","6.5","3.9","1.8","1.4","1.6","1.3","1.0","0.3","0.5","0.1","","10.5"
"158","Simple Logica","<a href= https://www.simplelogica.com/es/intencion-de-voto-y-valoracion-de-lideres-politicos-enero-2020/ target=""_blank"" rel=""noreferrer nofollow"" style="" color:#222222""> Simple Logica </a>","7-10 Jan 2020","1097","66.4","26.5","20.3","14.4","15.5","7.9","","","","","","","","","","","6.2"
"159","Invymark/laSexta","<a href= https://www.lasexta.com/noticias/nacional/barometro-lasexta-el-psoe-ganaria-las-elecciones-con-mas-votos-que-el-10n-aglutinaria-el-299-de-los-votos_202001125e1b23eb0cf2b262340a155b.html target=""_blank"" rel=""noreferrer nofollow"" style="" color:#222222""> Invymark/laSexta </a>","7-10 Jan 2020","","","29.9","20.7","16.4","13.3","4.0","","1.9","","","","","","","","","9.2"
"160","GAD3/ABC","<a href= https://www.abc.es/espana/abci-cesiones-sanchez-dejan-psoe-109-escanos-y-pp-103-202001120244_noticia.html target=""_blank"" rel=""noreferrer nofollow"" style="" color:#222222""> GAD3/ABC </a>","7-10 Jan 2020","1000","","26.3","23.2","15.0","12.4","7.3","","1.5","","","","","","","","","3.1"
"161","Celeste-Tel/eldiario.es","<a href= https://www.eldiario.es/politica/Vox-incrementaria-Congreso-Celeste-Tel-investidura_0_984452264.html target=""_blank"" rel=""noreferrer nofollow"" style="" color:#222222""> Celeste-Tel/eldiario.es </a>","2-9 Jan 2020","1100","64.1","27.0","20.3","16.4","13.9","6.1","3.2","2.0","2.8","1.4","1.1","1.3","0.5","0.5","0.4","0.3","6.7"
"162","ElectoPanel/Electomania","<a href= https://electomania.es/ep9e2020/ target=""_blank"" rel=""noreferrer nofollow"" style="" color:#222222""> ElectoPanel/Electomania </a>","7-8 Jan 2020","1250","","26.6","19.1","17.1","14.0","6.8","3.6","1.8","2.7","1.5","1.2","0.8","0.5","0.5","0.4","0.2","7.5"
"163","SW Demoscopia","<a href= http://swdemoscopia.com/2020/01/02/primer-barometro-del-a-o-de-sw-demoscopia/ target=""_blank"" rel=""noreferrer nofollow"" style="" color:#222222""> SW Demoscopia </a>","30 Dec-2 Jan 2020","1304","","26.9","19.5","18.6","13.3","4.9","3.7","2.6","2.2","1.6","1.1","1.0","0.6","","0.4","0.3","7.4"
"164","ElectoPanel/Electomania","<a href= https://electomania.es/electopanel-3e2020-subida-de-vox-que-roza-los-60-escanos-y-up-que-roza-los-40/ target=""_blank"" rel=""noreferrer nofollow"" style="" color:#222222""> ElectoPanel/Electomania </a>","29 Dec-2 Jan 2020","1250","","26.8","19.9","16.7","14.2","6.6","3.4","1.8","2.6","1.6","1.2","0.9","0.5","0.5","0.4","0.3","6.9"
"165","ElectoPanel/Electomania","<a href= https://electomania.es/ep29d/ target=""_blank"" rel=""noreferrer nofollow"" style="" color:#222222""> ElectoPanel/Electomania </a>","25-28 Dec 2019","1250","","26.6","20.4","16.2","13.7","6.8","3.3","1.6","2.6","1.6","1.2","0.8","0.5","0.5","0.4","0.3","6.2"
"166","Sigma Dos/El Mundo","<a href= https://www.elmundo.es/espana/2020/01/02/5e0cde3dfdddffaa548b459f.html target=""_blank"" rel=""noreferrer nofollow"" style="" color:#222222""> Sigma Dos/El Mundo </a>","26-27 Dec 2019","1000","","27.5","20.1","16.0","15.4","4.8","3.5","2.3","2.0","1.6","","","","","","","7.4"
"168","SocioMetrica/El Espanol","<a href= https://www.elespanol.com/espana/politica/20191223/vox-superaria-rozaria-escanos-celebrasen-terceras-elecciones/453955181_0.html target=""_blank"" rel=""noreferrer nofollow"" style="" color:#222222""> SocioMetrica/El Espanol </a>","20-21 Dec 2019","2160","","27.2","21.6","16.2","12.6","5.8","3.8","2.0","2.6","1.8","1.1","0.9","0.6","0.5","0.3","0.3","5.6"
"169","ElectoPanel/Electomania","<a href= https://electomania.es/electopanel-19d-vuelve-el-empate-entre-bloques-teruel-existe-continua-siendo-primera-fuerza-en-su-provincia/ target=""_blank"" rel=""noreferrer nofollow"" style="" color:#222222""> ElectoPanel/Electomania </a>","17-19 Dec 2019","1250","","26.7","20.1","16.6","13.4","7.3","3.3","1.9","2.6","1.6","1.2","0.8","0.5","0.5","0.4","0.3","6.6"
"170","CIS","<a href= http://datos.cis.es/pdf/Es3269marMT_A.pdf target=""_blank"" rel=""noreferrer nofollow"" style="" color:#222222""> CIS </a>","29 Nov-19 Dec 2019","4800","","28.3","20.0","15.2","12.8","5.6","3.6","2.3","2.2","1.6","1.1","1.0","0.5","0.5","0.4","0.3","8.3"
"171","NC Report/La Razon","<a href= https://www.larazon.es/espana/20191215/wesbuuc4dbb5rjcl6levueatvy.html target=""_blank"" rel=""noreferrer nofollow"" style="" color:#222222""> NC Report/La Razon </a>","10-13 Dec 2019","1000","64.9","27.1","21.6","15.6","13.1","5.8","3.5","2.0","2.3","1.5","1.1","1.1","0.5","0.5","0.5","0.3","5.5"
"172","Invymark/laSexta","<a href= https://www.lasexta.com/noticias/nacional/barometro-de-lasexta-el-psoe-volveria-a-ganar-las-elecciones-generales-y-ciudadanos-sufriria-otra-gran-caida_201912155df63b7c0cf22f4755c8171b.html target=""_blank"" rel=""noreferrer nofollow"" style="" color:#222222""> Invymark/laSexta </a>","9-13 Dec 2019","","","28.8","21.6","16.4","13.7","3.9","","1.9","","","","","","","","","7.2"
"173","ElectoPanel/Electomania","<a href= https://electomania.es/ep12dic/ target=""_blank"" rel=""noreferrer nofollow"" style="" color:#222222""> ElectoPanel/Electomania </a>","10-12 Dec 2019","1250","","26.6","19.6","16.6","13.7","7.6","3.2","1.8","2.7","1.6","1.1","0.7","0.5","0.5","0.4","0.3","7.0"
"174","Simple Logica","<a href= https://www.simplelogica.com/es/resultado-de-las-elecciones-intencion-de-voto-y-valoracion-de-lideres-diciembre-2019/ target=""_blank"" rel=""noreferrer nofollow"" style="" color:#222222""> Simple Logica </a>","2-12 Dec 2019","1064","64.9","27.0","20.5","13.8","16.4","6.4","","","","","","","","","","","6.5"
"175","ElectoPanel/Electomania","<a href= https://electomania.es/ep5dic/ target=""_blank"" rel=""noreferrer nofollow"" style="" color:#222222""> ElectoPanel/Electomania </a>","3-5 Dec 2019","1250","","26.8","19.5","16.5","13.8","7.1","3.1","1.7","2.8","1.6","1.1","0.7","0.5","0.5","0.4","0.3","7.3"
"176","ElectoPanel/Electomania","<a href= https://electomania.es/ep28n/ target=""_blank"" rel=""noreferrer nofollow"" style="" color:#222222""> ElectoPanel/Electomania </a>","21-27 Nov 2019","1250","","26.3","19.3","16.7","13.6","7.7","3.5","2.1","2.5","1.6","1.2","0.9","0.5","0.5","0.4","0.3","7.0"
"177","GAD3/ABC","<a href= https://www.abc.es/espana/abci-psoe-retrocede-tras-10-n-y-pp-gana-10-escanos-baja-201912010218_noticia.html target=""_blank"" rel=""noreferrer nofollow"" style="" color:#222222""> GAD3/ABC </a>","19-27 Nov 2019","","","27.7","23.0","14.1","13.0","6.5","3.4","1.8","2.0","1.6","1.0","1.0","0.5","0.7","0.4","0.2","4.7"
"178","ElectoPanel/Electomania","<a href= https://electomania.es/ep21n/ target=""_blank"" rel=""noreferrer nofollow"" style="" color:#222222""> ElectoPanel/Electomania </a>","13-20 Nov 2019","1250","","26.4","20.1","16.3","13.6","7.3","3.6","2.1","2.2","1.6","1.1","1.0","0.5","0.5","0.4","0.3","6.3"
"179","ElectoPanel/Electomania","<a href= https://electomania.es/ep14n/ target=""_blank"" rel=""noreferrer nofollow"" style="" color:#222222""> ElectoPanel/Electomania </a>","12 Nov 2019","1510","","27.5","21.4","15.6","13.7","5.8","3.6","2.0","2.2","1.6","1.2","1.0","0.5","0.5","0.4","0.3","6.1"
